{
    "timestamp": "2026-02-09 13:57:42",
    "config": {
        "total_clients": 20,
        "batch_size": 64,
        "comm_rounds": 10,
        "if_noniid": false,
        "alpha": 0.5,
        "attack_types": [
            "backdoor"
        ],
        "seed": 42,
        "model_type": "cifar10",
        "dataset_type": "cifar10",
        "poison_ratio": 0.2,
        "defense_method": "layers_proj_detect"
    },
    "results": {
        "final_accuracy": 72.84,
        "final_asr": 2.9555555555555557,
        "max_accuracy": 72.84
    },
    "accuracy_history": [
        11.82,
        54.36,
        62.41,
        65.46,
        68.17,
        69.59,
        70.36,
        72.06,
        72.67,
        72.84
    ],
    "asr_history": [
        0.0,
        2.6,
        2.433333333333333,
        4.155555555555556,
        3.033333333333333,
        2.6777777777777776,
        3.077777777777778,
        2.8444444444444446,
        2.7333333333333334,
        2.9555555555555557
    ],
    "loss_history": [
        2.7096337095091614,
        1.2761404740659497,
        1.0590371979942805,
        0.988138527809819,
        0.9212352482578422,
        0.8922816748860516,
        0.8708410753479486,
        0.8383716148666188,
        0.8209800954106488,
        0.8269646379012096
    ]
}