{
    "timestamp": "2026-02-09 13:49:08",
    "config": {
        "total_clients": 20,
        "batch_size": 64,
        "comm_rounds": 10,
        "if_noniid": false,
        "alpha": 0.5,
        "attack_types": [
            "backdoor"
        ],
        "seed": 42,
        "model_type": "cifar10",
        "dataset_type": "cifar10",
        "poison_ratio": 0.2,
        "defense_method": "none"
    },
    "results": {
        "final_accuracy": 65.76,
        "final_asr": 89.08888888888889,
        "max_accuracy": 68.6
    },
    "accuracy_history": [
        11.55,
        18.99,
        57.1,
        37.99,
        61.42,
        52.22,
        65.54,
        61.75,
        68.6,
        65.76
    ],
    "asr_history": [
        0.0,
        94.64444444444445,
        33.28888888888889,
        91.0,
        51.94444444444444,
        89.06666666666666,
        68.5,
        87.84444444444445,
        75.06666666666666,
        89.08888888888889
    ],
    "loss_history": [
        2.6663406679901898,
        2.2870904720282255,
        1.1897532789013054,
        1.8810206198994117,
        1.1217454264435587,
        1.4419688665414159,
        1.0194833776618861,
        1.159140342398535,
        0.944366891927357,
        1.0447130293785771
    ]
}