{
    "timestamp": "2026-02-09 12:53:19",
    "config": {
        "total_clients": 20,
        "batch_size": 64,
        "comm_rounds": 10,
        "if_noniid": false,
        "alpha": 0.5,
        "attack_types": [
            "backdoor"
        ],
        "seed": 42,
        "model_type": "cifar10",
        "dataset_type": "cifar10",
        "poison_ratio": 0.0,
        "defense_method": "none"
    },
    "results": {
        "final_accuracy": 73.64,
        "final_asr": 0.0,
        "max_accuracy": 73.64
    },
    "accuracy_history": [
        11.37,
        55.77,
        62.64,
        66.11,
        68.52,
        70.61,
        71.76,
        72.77,
        73.08,
        73.64
    ],
    "asr_history": [
        0.0,
        0.0,
        0.0,
        0.0,
        0.0,
        0.0,
        0.0,
        0.0,
        0.0,
        0.0
    ],
    "loss_history": [
        2.680953964402404,
        1.2407532055166703,
        1.0412515220762808,
        0.9602603391755985,
        0.90233282046982,
        0.8593522280077391,
        0.8394581577445888,
        0.8210296313973922,
        0.8076675534248352,
        0.7980125191845472
    ]
}