{
    "timestamp": "2026-02-09 16:51:11",
    "config": {
        "total_clients": 20,
        "batch_size": 64,
        "comm_rounds": 100,
        "if_noniid": false,
        "alpha": 0.5,
        "attack_types": [
            "backdoor"
        ],
        "seed": 42,
        "model_type": "cifar10",
        "dataset_type": "cifar10",
        "poison_ratio": 0.2,
        "defense_method": "none"
    },
    "results": {
        "final_accuracy": 74.82,
        "final_asr": 92.07777777777778,
        "max_accuracy": 75.43
    },
    "accuracy_history": [
        10.0,
        45.69,
        26.89,
        53.01,
        40.65,
        55.63,
        51.72,
        59.43,
        58.41,
        63.69,
        64.42,
        67.83,
        68.36,
        68.95,
        70.63,
        68.96,
        72.04,
        71.27,
        72.07,
        72.34,
        72.62,
        72.88,
        73.29,
        72.93,
        73.93,
        73.13,
        74.4,
        73.25,
        74.07,
        74.34,
        73.97,
        74.45,
        73.69,
        74.92,
        73.79,
        74.21,
        74.46,
        74.44,
        74.65,
        74.56,
        74.5,
        74.88,
        74.55,
        74.67,
        74.77,
        74.83,
        74.82,
        74.98,
        74.48,
        75.0,
        75.0,
        74.79,
        75.22,
        74.97,
        74.76,
        75.12,
        74.99,
        74.73,
        75.08,
        75.04,
        75.02,
        75.11,
        75.08,
        75.13,
        74.8,
        75.43,
        74.95,
        75.4,
        75.02,
        75.04,
        75.28,
        74.88,
        75.18,
        75.11,
        75.2,
        75.2,
        75.37,
        75.11,
        75.14,
        74.71,
        75.04,
        74.8,
        75.04,
        75.02,
        75.36,
        75.11,
        75.09,
        75.1,
        74.79,
        74.88,
        74.75,
        74.94,
        75.08,
        74.69,
        74.88,
        74.86,
        75.12,
        74.67,
        74.93,
        74.82
    ],
    "asr_history": [
        100.0,
        28.322222222222223,
        79.95555555555555,
        38.17777777777778,
        69.37777777777778,
        46.144444444444446,
        63.12222222222222,
        54.55555555555556,
        71.66666666666667,
        64.68888888888888,
        74.85555555555555,
        73.12222222222222,
        79.36666666666666,
        82.7,
        79.83333333333333,
        88.41111111111111,
        81.53333333333333,
        87.35555555555555,
        85.81111111111112,
        87.18888888888888,
        86.97777777777777,
        88.07777777777778,
        87.94444444444444,
        89.71111111111111,
        87.36666666666666,
        91.25555555555556,
        87.25555555555556,
        90.71111111111111,
        89.43333333333334,
        89.35555555555555,
        90.66666666666667,
        89.7,
        92.05555555555556,
        87.57777777777778,
        91.74444444444444,
        90.75555555555556,
        89.6,
        91.05555555555556,
        89.64444444444445,
        90.38888888888889,
        91.27777777777777,
        90.26666666666667,
        90.66666666666667,
        91.61111111111111,
        90.71111111111111,
        91.08888888888889,
        90.84444444444445,
        90.44444444444444,
        92.04444444444445,
        89.9888888888889,
        91.23333333333333,
        91.58888888888889,
        90.28888888888889,
        91.4,
        91.05555555555556,
        90.78888888888889,
        90.82222222222222,
        91.25555555555556,
        90.7,
        91.66666666666667,
        91.88888888888889,
        90.34444444444445,
        91.93333333333334,
        89.91111111111111,
        91.74444444444444,
        90.3,
        91.63333333333334,
        90.86666666666666,
        91.92222222222222,
        91.25555555555556,
        90.21111111111111,
        91.72222222222223,
        91.21111111111111,
        90.22222222222223,
        90.92222222222222,
        91.14444444444445,
        90.15555555555555,
        91.65555555555555,
        90.5,
        91.13333333333334,
        91.31111111111112,
        91.31111111111112,
        91.5111111111111,
        91.45555555555555,
        91.25555555555556,
        91.12222222222222,
        91.23333333333333,
        90.97777777777777,
        91.65555555555555,
        90.68888888888888,
        91.31111111111112,
        91.3,
        90.5,
        92.16666666666667,
        91.42222222222222,
        91.96666666666667,
        90.92222222222222,
        92.44444444444444,
        90.15555555555555,
        92.07777777777778
    ],
    "loss_history": [
        2.795543999611577,
        1.451927756961388,
        2.139349929894073,
        1.3332088431225548,
        1.7910577918909774,
        1.3011180916918983,
        1.4504936058310014,
        1.2158028302313406,
        1.2762313356882409,
        1.09693411784836,
        1.0900168147268174,
        0.9723901024347619,
        0.9658447036260291,
        0.9484035516087013,
        0.9048013724858248,
        0.9598694700229017,
        0.8701482724539841,
        0.8962805467315867,
        0.8749965240683737,
        0.874616732325735,
        0.8727926272380201,
        0.8682291673708565,
        0.8623790740966797,
        0.8762960788569872,
        0.8499416173258915,
        0.8763991586769684,
        0.8436017594759977,
        0.8755220423770856,
        0.8647326902498172,
        0.8629392777817159,
        0.8720166834094857,
        0.8618756185604047,
        0.8892147005358829,
        0.8596148679528055,
        0.8946760372270511,
        0.8813986808438844,
        0.8806867199608043,
        0.8890468576286412,
        0.8842538896995255,
        0.89480214782908,
        0.9132657639587982,
        0.9048600219473054,
        0.9109636190571363,
        0.9145663297629054,
        0.9151327481752709,
        0.9162895913365521,
        0.920128921164742,
        0.922166684760323,
        0.9482318525072895,
        0.9286188724674757,
        0.944819835922386,
        0.9440634160102168,
        0.9365726664096494,
        0.9515958285029931,
        0.9586686725857891,
        0.9585438876212398,
        0.9643664133699634,
        0.9827814132352418,
        0.9758565267430076,
        0.9782817461822606,
        0.9872572776637499,
        0.9879958176914649,
        0.9944934331918065,
        0.9899888114084171,
        0.9970657138884822,
        0.9970944757702984,
        1.0059959322591372,
        1.0096194510218464,
        1.0182633807387533,
        1.0238011117222943,
        1.013793494882463,
        1.0323340726804129,
        1.035444429403619,
        1.0287340622913987,
        1.0377619447587412,
        1.0357168143308615,
        1.0365859096563315,
        1.0489569970324069,
        1.0562397965902015,
        1.055754088148286,
        1.0559341673609577,
        1.066642709925205,
        1.0691856945617288,
        1.0705524328388745,
        1.0705727866933317,
        1.0771644175807131,
        1.0862917568110213,
        1.0868652991101713,
        1.09410266785682,
        1.0921975125240375,
        1.0986911148964604,
        1.1002621794048744,
        1.1068071813523015,
        1.10483916198151,
        1.1078006919426253,
        1.11284414348723,
        1.1094710804239105,
        1.1267900112309033,
        1.1146134500262104,
        1.127676754812651
    ]
}