{
    "timestamp": "2026-02-09 18:13:51",
    "config": {
        "total_clients": 20,
        "batch_size": 64,
        "comm_rounds": 100,
        "if_noniid": false,
        "alpha": 0.5,
        "attack_types": [
            "backdoor"
        ],
        "seed": 42,
        "model_type": "cifar10",
        "dataset_type": "cifar10",
        "poison_ratio": 0.2,
        "defense_method": "layers_proj_detect"
    },
    "results": {
        "final_accuracy": 73.59,
        "final_asr": 3.9555555555555557,
        "max_accuracy": 74.86
    },
    "accuracy_history": [
        11.82,
        54.36,
        62.41,
        65.46,
        68.17,
        69.59,
        70.36,
        72.06,
        72.67,
        72.84,
        72.85,
        73.46,
        73.79,
        74.33,
        72.07,
        74.01,
        74.22,
        74.7,
        73.73,
        74.72,
        74.64,
        74.29,
        74.76,
        74.76,
        74.79,
        74.26,
        74.77,
        74.16,
        74.79,
        74.39,
        71.83,
        74.16,
        74.28,
        74.57,
        74.86,
        74.86,
        67.57,
        74.43,
        74.59,
        74.83,
        74.38,
        74.74,
        74.12,
        74.6,
        74.34,
        72.6,
        74.28,
        73.81,
        74.64,
        74.33,
        73.08,
        74.07,
        74.31,
        73.71,
        74.76,
        74.07,
        74.67,
        74.64,
        74.49,
        74.35,
        74.18,
        74.5,
        74.47,
        74.2,
        74.28,
        73.83,
        74.18,
        74.11,
        74.26,
        74.45,
        74.0,
        74.39,
        73.87,
        74.19,
        74.12,
        74.25,
        74.23,
        74.41,
        73.88,
        74.27,
        74.06,
        73.92,
        74.12,
        73.91,
        73.91,
        73.91,
        73.92,
        74.32,
        74.29,
        74.36,
        74.1,
        74.18,
        73.71,
        73.61,
        74.1,
        73.81,
        73.88,
        74.14,
        74.13,
        73.59
    ],
    "asr_history": [
        0.0,
        2.6,
        2.433333333333333,
        4.155555555555556,
        3.033333333333333,
        2.6777777777777776,
        3.077777777777778,
        2.8444444444444446,
        2.7333333333333334,
        2.9555555555555557,
        2.977777777777778,
        3.066666666666667,
        2.388888888888889,
        2.933333333333333,
        10.78888888888889,
        2.8666666666666667,
        2.888888888888889,
        3.7222222222222223,
        6.333333333333333,
        2.811111111111111,
        2.7555555555555555,
        6.266666666666667,
        2.8777777777777778,
        2.8444444444444446,
        2.5555555555555554,
        4.111111111111111,
        2.488888888888889,
        5.311111111111111,
        2.922222222222222,
        2.922222222222222,
        12.622222222222222,
        2.933333333333333,
        5.5,
        2.977777777777778,
        2.9,
        2.9444444444444446,
        22.41111111111111,
        2.6444444444444444,
        3.522222222222222,
        3.188888888888889,
        5.055555555555555,
        2.911111111111111,
        5.455555555555556,
        3.2444444444444445,
        2.6444444444444444,
        9.844444444444445,
        3.0555555555555554,
        6.444444444444445,
        3.422222222222222,
        3.2222222222222223,
        7.711111111111111,
        2.922222222222222,
        3.688888888888889,
        6.155555555555556,
        3.3222222222222224,
        5.566666666666666,
        3.6,
        3.0444444444444443,
        4.2,
        3.2444444444444445,
        2.8777777777777778,
        3.511111111111111,
        3.422222222222222,
        3.7555555555555555,
        3.533333333333333,
        3.9555555555555557,
        3.2777777777777777,
        3.533333333333333,
        3.533333333333333,
        3.1444444444444444,
        3.2222222222222223,
        3.4555555555555557,
        4.355555555555555,
        3.5555555555555554,
        3.188888888888889,
        3.0444444444444443,
        3.1666666666666665,
        3.311111111111111,
        3.011111111111111,
        3.7222222222222223,
        3.3777777777777778,
        3.011111111111111,
        3.8222222222222224,
        3.3,
        3.533333333333333,
        3.488888888888889,
        3.477777777777778,
        3.2111111111111112,
        3.3555555555555556,
        3.4,
        3.3555555555555556,
        3.466666666666667,
        3.2555555555555555,
        3.0555555555555554,
        3.2444444444444445,
        2.9,
        3.577777777777778,
        3.3333333333333335,
        3.188888888888889,
        3.9555555555555557
    ],
    "loss_history": [
        2.7096337095091614,
        1.2761404740659497,
        1.0590371979942805,
        0.988138527809819,
        0.9212352482578422,
        0.8922816748860516,
        0.8708410753479486,
        0.8383716148666188,
        0.8209800954106488,
        0.8269646379012096,
        0.8315173229084739,
        0.8217719008650961,
        0.8209730009489422,
        0.8152824142311192,
        0.9061785144141957,
        0.845193330245682,
        0.8326171100894108,
        0.8301205257826214,
        0.8639096617698669,
        0.8505379187909863,
        0.8467533279068863,
        0.8803979852531529,
        0.8710931448996821,
        0.8688445521306388,
        0.8825878512255753,
        0.89598981564558,
        0.8981360121618344,
        0.9182168215135985,
        0.8984710777862163,
        0.91752909406831,
        1.0582013937491406,
        0.936675099632408,
        0.9689945435222191,
        0.9367475622816931,
        0.9484885938559906,
        0.9483012519305265,
        1.3180356138869176,
        0.9831255365021622,
        0.9732549107527431,
        0.9723314295841169,
        1.0037537843366213,
        0.9888248111628279,
        1.012895815734622,
        1.0133306233188775,
        1.0338685112663462,
        1.103533283064637,
        1.0393803481814228,
        1.0522428562369528,
        1.0356686816939824,
        1.0553434936306145,
        1.0905319535279576,
        1.0892018457002277,
        1.0616139573386953,
        1.0924084231823306,
        1.0802839058863967,
        1.0795732864850685,
        1.0774565075017228,
        1.08095577396924,
        1.0962234154532227,
        1.0976271561429471,
        1.0986400842666626,
        1.1087845412990716,
        1.1375811107550995,
        1.1354589907428887,
        1.1385824310628674,
        1.1443853913983213,
        1.156989409953733,
        1.1583415873443024,
        1.1632509163663358,
        1.1480951882615875,
        1.1510932875584952,
        1.1616790173928948,
        1.1940783820574796,
        1.1679571874534027,
        1.1740850142285795,
        1.1797956567776353,
        1.1700976845584339,
        1.171847121625007,
        1.1909599636174455,
        1.196369222447842,
        1.1952872457383554,
        1.2066376013091848,
        1.2075958998897407,
        1.2149354091173485,
        1.2205910652498655,
        1.2234518248823625,
        1.228013229521015,
        1.214394068416161,
        1.211095258404937,
        1.2124766307541086,
        1.2364959641347957,
        1.2271137561979173,
        1.2525564749029618,
        1.2601323535170736,
        1.2452544283263292,
        1.2420830673809293,
        1.2573075015333635,
        1.260396863086314,
        1.2517312644403191,
        1.252829082404511
    ]
}