{
    "timestamp": "2026-02-09 15:28:18",
    "config": {
        "total_clients": 20,
        "batch_size": 64,
        "comm_rounds": 100,
        "if_noniid": false,
        "alpha": 0.5,
        "attack_types": [
            "backdoor"
        ],
        "seed": 42,
        "model_type": "cifar10",
        "dataset_type": "cifar10",
        "poison_ratio": 0.0,
        "defense_method": "none"
    },
    "results": {
        "final_accuracy": 76.58,
        "final_asr": 1.8888888888888888,
        "max_accuracy": 77.11
    },
    "accuracy_history": [
        11.37,
        55.01,
        62.77,
        66.17,
        68.7,
        70.39,
        71.54,
        72.44,
        72.89,
        73.64,
        74.13,
        74.44,
        75.07,
        75.1,
        75.39,
        75.68,
        75.86,
        76.0,
        75.99,
        76.09,
        76.41,
        76.41,
        76.29,
        76.32,
        76.58,
        76.52,
        76.84,
        76.84,
        76.74,
        76.68,
        76.68,
        76.71,
        76.78,
        76.92,
        76.84,
        76.77,
        76.95,
        76.8,
        76.86,
        77.03,
        76.59,
        76.79,
        76.77,
        76.64,
        76.84,
        76.74,
        76.7,
        76.44,
        76.69,
        76.58,
        77.04,
        76.71,
        76.81,
        76.83,
        76.63,
        76.56,
        76.58,
        76.74,
        76.57,
        76.69,
        76.73,
        76.75,
        76.66,
        76.61,
        76.48,
        76.43,
        76.48,
        76.52,
        76.74,
        76.8,
        76.61,
        76.56,
        76.82,
        76.64,
        76.61,
        76.64,
        76.68,
        76.84,
        76.99,
        77.11,
        76.85,
        76.67,
        76.73,
        76.79,
        76.9,
        76.75,
        76.62,
        76.85,
        76.39,
        76.72,
        76.8,
        76.58,
        76.6,
        76.45,
        76.75,
        76.71,
        76.68,
        76.58,
        76.68,
        76.58
    ],
    "asr_history": [
        0.0,
        2.922222222222222,
        3.3777777777777778,
        2.5444444444444443,
        2.7666666666666666,
        2.3333333333333335,
        2.477777777777778,
        1.8888888888888888,
        2.188888888888889,
        2.111111111111111,
        2.2,
        2.1444444444444444,
        2.2888888888888888,
        2.066666666666667,
        1.9777777777777779,
        2.022222222222222,
        2.0,
        1.8777777777777778,
        1.9,
        1.8333333333333333,
        1.9666666666666666,
        2.0,
        1.8666666666666667,
        2.033333333333333,
        1.9333333333333333,
        1.9444444444444444,
        1.9333333333333333,
        1.8,
        1.7777777777777777,
        1.9555555555555555,
        1.8333333333333333,
        1.9222222222222223,
        1.9333333333333333,
        1.7222222222222223,
        1.8444444444444446,
        1.711111111111111,
        1.8111111111111111,
        1.7,
        1.6333333333333333,
        1.7,
        1.7333333333333334,
        1.5666666666666667,
        1.8777777777777778,
        1.8,
        1.6666666666666667,
        1.6777777777777778,
        1.7222222222222223,
        1.711111111111111,
        1.8111111111111111,
        1.8444444444444446,
        1.8111111111111111,
        1.711111111111111,
        1.8444444444444446,
        1.7444444444444445,
        1.9666666666666666,
        1.8555555555555556,
        1.9666666666666666,
        1.6666666666666667,
        1.7666666666666666,
        1.8222222222222222,
        1.9555555555555555,
        1.7777777777777777,
        1.7777777777777777,
        1.8333333333333333,
        1.7222222222222223,
        1.7222222222222223,
        1.7777777777777777,
        1.8555555555555556,
        1.8555555555555556,
        1.7777777777777777,
        1.9777777777777779,
        1.8111111111111111,
        1.6555555555555554,
        1.788888888888889,
        1.711111111111111,
        1.8222222222222222,
        1.7333333333333334,
        1.8666666666666667,
        1.7444444444444445,
        1.7333333333333334,
        1.7222222222222223,
        1.8555555555555556,
        1.788888888888889,
        1.8333333333333333,
        1.788888888888889,
        1.9333333333333333,
        1.7333333333333334,
        1.8111111111111111,
        1.8888888888888888,
        1.7666666666666666,
        1.8111111111111111,
        1.8222222222222222,
        1.8555555555555556,
        1.8555555555555556,
        1.7333333333333334,
        1.7777777777777777,
        1.8555555555555556,
        1.8111111111111111,
        1.8444444444444446,
        1.8888888888888888
    ],
    "loss_history": [
        2.680953964402404,
        1.2588946879664553,
        1.0436270501040206,
        0.9629829918281941,
        0.9069210358812839,
        0.8634133203120171,
        0.8387461727178549,
        0.8162255724774131,
        0.8022537608689899,
        0.7894158650048172,
        0.7833187104780462,
        0.7792194221593156,
        0.7747004680995699,
        0.7732707767546931,
        0.7754816043226025,
        0.773035802041428,
        0.7725613969790784,
        0.7702793494055543,
        0.7744154134128667,
        0.7714431602743608,
        0.7731515652016748,
        0.782852551605128,
        0.7815827244444739,
        0.7830486954013004,
        0.7876217418079134,
        0.7947579241251643,
        0.791843822485284,
        0.798401220689846,
        0.8026453128343896,
        0.8037767191476459,
        0.805599563861195,
        0.8132186486751218,
        0.8180040321018123,
        0.8224885927725442,
        0.8249873092657403,
        0.8262791278996046,
        0.8284964621821537,
        0.8327464114261579,
        0.8424240705333178,
        0.8438291726987573,
        0.8472038062312935,
        0.8533073173293585,
        0.8540921090524408,
        0.8621062013921859,
        0.8650640837753876,
        0.8596388407145874,
        0.8683318476888198,
        0.8686426768574533,
        0.8794113118437272,
        0.8810355376593674,
        0.8883608455144907,
        0.8908332397666159,
        0.8896523751790011,
        0.8974941961372955,
        0.9040647107589094,
        0.9034490189220332,
        0.9065577995173538,
        0.909829283816905,
        0.9102681124512153,
        0.9216675675368007,
        0.920089222207854,
        0.9302070110659056,
        0.9270957874346383,
        0.9332068328615986,
        0.9371599509746213,
        0.9427473982678184,
        0.9457856205445302,
        0.9503156361700613,
        0.9483784746520126,
        0.9488699994509733,
        0.959587149982211,
        0.9636731430699553,
        0.9675333620626715,
        0.9645547316044192,
        0.9705861799324615,
        0.9705467872981783,
        0.9796069430399544,
        0.9807896161381202,
        0.987170073804976,
        0.9897501589376715,
        0.9933898071699505,
        0.990690001204044,
        0.9973322605784936,
        0.999547999870928,
        1.0029828797412823,
        1.0070257752756528,
        1.013224072094205,
        1.0061993885643874,
        1.0183878933327108,
        1.0207391735873645,
        1.0195227189909053,
        1.0248697965959959,
        1.0288491807406461,
        1.0278356263909159,
        1.0349569471576545,
        1.040207404124586,
        1.0439275571062594,
        1.0457237491124793,
        1.0556212241136576,
        1.0484508517422253
    ]
}